{
  "403.php": 1776047068.0,
  "book-cover-public.php": 1776047068.0,
  "bootstrap.php": 1776047068.0,
  "catalog.php": 1776849590.674383,
  "check-email.php": 1776423070.2460537,
  "config.php": 1776090607.9421313,
  "index.php": 1776558607.6425369,
  "login.php": 1776558607.6435368,
  "logout.php": 1776047068.0,
  "register.php": 1776558607.6435368,
  "admin\\about.php": 1776558607.640532,
  "admin\\audit-log.php": 1776522881.0356574,
  "admin\\index.php": 1776047066.0,
  "admin\\reports.php": 1776522881.0366507,
  "admin\\settings.php": 1776522881.0375686,
  "admin\\upload-avatar.php": 1776047066.0,
  "admin\\users.php": 1776522881.0395677,
  "admin\\migrations\\apply-migration.php": 1776047066.0,
  "admin\\migrations\\run-migration.php": 1776642806.9720852,
  "admin\\migrations\\runner.php": 1776642806.9720852,
  "api\\search-suggestions.php": 1776047066.0,
  "api\\receipts\\create.php": 1776423070.195951,
  "api\\receipts\\get.php": 1776423070.1969943,
  "api\\receipts\\pdf.php": 1776642806.9730828,
  "api\\receipts\\print-meta.php": 1776423070.1995242,
  "api\\receipts\\qr.php": 1776423070.200544,
  "api\\receipts\\reprint.php": 1776423070.2015343,
  "api\\receipts\\_bootstrap.php": 1776423070.1949508,
  "assets\\js\\admin-account.js": 1776047068.0,
  "assets\\js\\chart.min.js": 1776047068.0,
  "assets\\js\\libris-compat.js": 1776423070.2360475,
  "assets\\js\\login.js": 1776047068.0,
  "assets\\js\\register.js": 1776047068.0,
  "assets\\js\\sidebar-mobile.js": 1776423070.2370481,
  "assets\\js\\sweetalert-utils.js": 1776047068.0,
  "assets\\js\\verify.js": 1776047068.0,
  "borrower\\catalog.php": 1776922513.9357865,
  "borrower\\index.php": 1776918147.1897187,
  "borrower\\my_books.php": 1776921479.6021488,
  "borrower\\profile.php": 1776923405.0989952,
  "borrower\\renew.php": 1776925189.5134413,
  "borrower\\reserve.php": 1776423070.2421265,
  "config\\database.php": 1776047068.0,
  "includes\\admin.php": 1776047068.0,
  "includes\\auth-helpers.php": 1776558607.641537,
  "includes\\auth_guard.php": 1776047068.0,
  "includes\\avatar.php": 1776047068.0,
  "includes\\circulation.php": 1776423070.25305,
  "includes\\constants.php": 1776423070.2540493,
  "includes\\csrf.php": 1776047068.0,
  "includes\\db.php": 1776659472.2139583,
  "includes\\head.php": 1776423070.255053,
  "includes\\mailer.php": 1776047068.0,
  "includes\\receipt-success-modal.php": 1776642806.9760854,
  "includes\\receipts.php": 1776642806.9770837,
  "includes\\receipt_pdf.php": 1776642806.9770837,
  "includes\\settings.php": 1776047068.0,
  "includes\\sidebar-admin.php": 1776522881.0436563,
  "includes\\sidebar-borrower.php": 1776923416.78802,
  "includes\\sidebar-librarian.php": 1776783247.1687727,
  "includes\\phpmailer\\src\\Exception.php": 1776047068.0,
  "includes\\phpmailer\\src\\PHPMailer.php": 1776047068.0,
  "includes\\phpmailer\\src\\SMTP.php": 1776047068.0,
  "librarian\\catalog-add.php": 1776522881.0466065,
  "librarian\\catalog-delete.php": 1776047068.0,
  "librarian\\catalog-edit.php": 1776916141.5509906,
  "librarian\\catalog.php": 1776783247.1703358,
  "librarian\\checkin.php": 1776737231.6417336,
  "librarian\\checkout.php": 1776783247.172552,
  "librarian\\index.php": 1776047068.0,
  "librarian\\pay-fine.php": 1776423070.268049,
  "librarian\\print-record.php": 1776423070.2690496,
  "librarian\\records-print.php": 1776783247.173565,
  "librarian\\records.php": 1776783247.1745627,
  "librarian\\reservations.php": 1776895985.3479314,
  "receipt\\index.php": 1776922739.6725838,
  "receipt\\kiosk.php": 1776522881.0526004,
  "receipt\\view.php": 1776921539.312059,
  "scripts\\lint-receipts-phase1.php": 1776642806.978083,
  "scripts\\test-receipt-pdf.php": 1776642806.978827,
  "scripts\\test-receipt-success-modal.php": 1776642806.978827,
  "src\\api\\v1\\search-suggestions.php": 1776047068.0,
  "src\\config\\config.php": 1776047068.0,
  "src\\config\\constants.php": 1776047068.0,
  "src\\config\\database.php": 1776047068.0,
  "src\\middleware\\auth_guard.php": 1776047068.0,
  "src\\middleware\\csrf.php": 1776047068.0,
  "src\\utils\\avatar.php": 1776047068.0,
  "src\\utils\\circulation.php": 1776047068.0,
  "src\\utils\\helpers.php": 1776047068.0,
  "src\\utils\\settings.php": 1776047068.0,
  "src\\utils\\phpmailer\\src\\Exception.php": 1776047068.0,
  "src\\utils\\phpmailer\\src\\PHPMailer.php": 1776047068.0,
  "src\\utils\\phpmailer\\src\\SMTP.php": 1776047068.0,
  "src\\views\\components\\sidebar-admin.php": 1776423070.2860477,
  "src\\views\\components\\sidebar-borrower.php": 1776895985.3663757,
  "src\\views\\components\\sidebar-librarian.php": 1776423070.2870505,
  "src\\views\\layouts\\main.php": 1776047068.0
}